(Former) Pioneer Trust and Savings Bank Building,L-318,4000 W. North Ave.,1924,Karl M. Vitzthum,6/6/12,41.91019211,-87.72661734,"(41.91019210540, -87.72661734150)"
Riviera Motor Sales Company Building,L-319,5948-60 N. Braodway,1925-26,R. Bernard Kurzon,6/6/12,41.99064509,-87.66070278,"(41.99064508690, -87.66070277950)"
Wrigley Building,L-320,400-410 North Michigan Avenue,1921,"Graham, Anderson, Probst and White",5/9/12,41.88972563,-87.62485292,"(41.88972563150, -87.62485292230)"
(Former) Sheridan Trust and Savings Bank Building,L-271,4753 N Broadway,1924-28,"Marshall & Fox, Huszagh & Hill",10/8/08,41.96862254,-87.65913012,"(41.96862254450, -87.65913012000)"
Chicago & North Western Railway Powerhouse,L- 16,211 N Clinton St,1909-11,Frost & Granger,1/11/06,41.88618882,-87.64090957,"(41.88618881540, -87.64090956540)"
Haskell-Barker-Atwater Buildings,L-109,18-28 S Wabash Av,1875-77,Wheelock & Thomas and John M. Van Osdel,11/13/96,41.88136175,-87.62665808,"(41.88136175490, -87.62665807950)"
F. R. Schock House,L-223,5804 W Midway Park,1886,Frederick Schock,1/20/99,41.88932169,-87.77022252,"(41.88932169350, -87.77022252260)"
Site of the Sauganash Hotel/Wigwam,L-188,SE corner of Lake St & Wacker Dr,1831,,11/6/02,41.8853654,-87.63647275,"(41.88536539840, -87.63647274840)"
"Abraham Lincoln Monument (""Standing Lincoln"")",L-107,Lincoln Park at Dearborn Parkway,1887,"A Saint-Gaudens,Sculptor & S White,Architect",12/12/01,41.91260406,-87.63025542,"(41.91260405620, -87.63025541950)"
Humboldt Park Boathouse Pavilion,L-116,1301 N Humboldt Blvd,1907,"Richard E. Schmidt,Garden & Martin w/ Jens Jenson",11/13/96,41.90562148,-87.70080444,"(41.90562148020, -87.70080444180)"
Jane Addams' Hull House and Dining Hall,L- 43,800 S Halsted St,1856,"Unknown, Dining Hall 1905: Pond & Pond",6/12/74,41.87150889,-87.64835752,"(41.87150889200, -87.64835751570)"
Drake Fountain,L- 06,92nd St @ South Chicago & Exchange Ave,1892,Richard Henry Park,3/10/04,41.7280941,-87.55275866,"(41.72809409980, -87.55275866100)"
Chicago Theater,L- 69,175 N State St,1921,Rapp and Rapp,1/28/83,41.88538851,-87.62722322,"(41.88538850670, -87.62722322320)"
Mundelein College Skyscraper Building,L- 36,1020 W Sheridan Rd,1930-31,Joseph W McCarthy,12/13/06,41.99867594,-87.65655162,"(41.99867594100, -87.65655162290)"
Frederick C. Robie House,L-176,5757 S Woodlawn Av,1909,Frank Lloyd Wright,9/15/71,41.78992032,-87.59597028,"(41.78992032480, -87.59597027940)"
On Leong Merchants Association,L-159,2216 S Wentworth Av,1926-27,Michealsen & Rognstad,12/1/93,41.8523735,-87.63231507,"(41.85237350100, -87.63231507390)"
Fisher Studio Houses,L- 80,1209 N State Pkwy,1936,Andrew Rebori & Edgar Miller,7/31/96,41.90427607,-87.6282942,"(41.90427606970, -87.62829419560)"
Home Bank & Trust Company,L-256,1200-08 N Ashland Av / 1600-12 W Division St,,Karl M. Vitzthum,2/6/08,41.9036108,-87.66796079,"(41.90361080080, -87.66796078710)"
Reliance Building,L-175,32 N State St,1890,base:Burham & Root Upper Stor: D.H. Burnham and Co,7/11/75,41.88302856,-87.62824151,"(41.88302855570, -87.62824150790)"
Waller Apartments,L-203,2840-58 W Walnut St,1895,Frank Llyod Wright,3/2/94,41.88563167,-87.69836233,"(41.88563166880, -87.69836233470)"
"(Former) Engine Company 104, Truck 3",L-230,1401 S Michigan Av,1905,Charles F. Hermann,10/1/03,41.86395764,-87.62361007,"(41.86395764060, -87.62361007470)"
Farwell Building,L- 07,664 N Michigan Ave,1927,Philip B. Maher,3/10/04,41.89431494,-87.62462078,"(41.89431494170, -87.62462078210)"
Soldiers' Home,L- 26,739 E 35th St,1864-1923,William W. Boyington (1866 sect),4/16/96,41.83075107,-87.60747387,"(41.83075107490, -87.60747386850)"
Wheeler-Kohn House,L-210,2016-20 S Calumet Av,1870,Otis L. Wheelock,2/5/98,41.85491185,-87.61953359,"(41.85491184950, -87.61953359430)"
"Tree Studios, Annexes and Courtyard",L-196,601-23 N State St/4-10 E Ohio St/3-7 E Ontario St,1894,"Parfitt Brothers, with Bauer & Hill",2/26/97,41.89287853,-87.62773715,"(41.89287852610, -87.62773714670)"
Reebie Storage Warehouse,L-173,2325-33 N Clark St,1921-22,George Kingsley,9/1/99,41.92471948,-87.63944577,"(41.92471947570, -87.63944577020)"
South Side Community Art Center,L-190,3831 S Michigan Av,1892-93,Gustav Hallburg remod:1940;Hin Bredendieck&Lerner,6/16/94,41.82458595,-87.62264066,"(41.82458594830, -87.62264065730)"
Brooks Building,L- 56,233 W Jackson Blvd,1910,Holabird & Roche,1/14/97,41.87787644,-87.63477822,"(41.87787644450, -87.63477822100)"
John Wingert House,L-212,6231 N Canfield Av,1854,Add. c. 1868-75 Architect Unknown,7/31/90,41.99430885,-87.82160659,"(41.99430884930, -87.82160659070)"
35 East Wacker Building,L-195,35 E Wacker Dr,1925-27,Joachim G. Giaver & Frederick P. Dinkelberg,2/9/94,41.88651836,-87.62678477,"(41.88651836450, -87.62678476580)"
Allan Miller House,L-147,7121 S Paxton Av,1915,John S Van Bergan,12/1/93,41.7654723,-87.57101082,"(41.76547230180, -87.57101082020)"
Chicago City  Bank & Trust Co,L-268,815-815 W 63RD ST,1920,,,41.77939885,-87.64552885,"(41.77939885270, -87.64552885020)"
Wrigley Field,L- 04,1060 W Addison St,1914,Zachary T. & Charles G. Davis,2/11/04,41.94814483,-87.65554259,"(41.94814483180, -87.65554258670)"
Roanoke Building and Tower,L-254,11 S LaSalle St,,,12/12/07,41.88170712,-87.63195358,"(41.88170711780, -87.63195358150)"
"(Former) Engine Company 35, Truck 28",L-228,1625 N Damen Av,"18,941,904","Board of Public Works, add: W. C. Zimmerman",10/1/03,41.91123781,-87.67714161,"(41.91123781210, -87.67714160780)"
Chess Records Office and Studio,L- 66,2120 S Michigan Av,1911,Horatio Wilson,5/16/90,41.85360644,-87.6242199,"(41.85360644090, -87.62421989530)"
Ransom R Cable House,L- 38,25 E Erie St,1886,Cobb & Frost,4/11/07,41.89388016,-87.62716599,"(41.89388015980, -87.62716598700)"
Union Park Hotel,L-293,1519 West Warren Blvd,1930,Banjamin Albert Comm,6/9/10,41.88212992,-87.66615384,"(41.88212992110, -87.66615383740)"
Richard Nickel Studio,L-294,"1810 West Cortland St,",1889`,Unknown,6/9/10,41.91627982,-87.67324118,"(41.91627982100, -87.67324117700)"
Third Unitarian Church Building,L-259,301 N Mayfield Av,1936,"Paul Schweikher, addit in 1956:William Fyfe",2/6/08,41.88587724,-87.77151773,"(41.88587724480, -87.77151773360)"
Holy Trinity Orthodox Cathedral and Rectory,L-114,1121 N Leavitt St,1903,Louis H. Sullivan,3/21/79,41.9019437,-87.68178871,"(41.90194370290, -87.68178870880)"
(Former) Engine Company 42 Firehouse,L-253,228 W Illinois St,,,12/12/07,41.8910068,-87.63528245,"(41.89100679500, -87.63528245390)"
New York Life Building,L-217,37-43 S LaSalle St,1893-94,1898 add:Jenney & Mundie 1903 add:Arch Unknown,7/26/06,41.88088658,-87.63174751,"(41.88088658290, -87.63174751080)"
Delaware Building,L- 95,36 W Randolph St,1872-74,"Wheelock & Thomas,2 story add + atrium 1889 Huber",11/23/83,41.88468607,-87.62919338,"(41.88468606800, -87.62919338200)"
Michigan Avenue Bridge and Wacker Dr Esplanade,L-220,"S Side of Chicago River, bet Michigan and Wabash",1920&1926,Bridge & Bridge Hses:1920:E. Bennett,10/2/91,41.88856216,-87.62481604,"(41.88856216360, -87.62481604340)"
Robert W. Roloson Houses,L-177,3213-19 S Calumet Av,1894,Frank Lloyd Wright,12/27/79,41.83605095,-87.61786831,"(41.83605095410, -87.61786831300)"
James A. Sexton School,L-183,160 W Wendell St,1882,Architect Unknown,5/7/78,41.90156831,-87.63384357,"(41.90156831280, -87.63384356660)"
Old Dearborn Bank Building,L-157,203 N Wabash Av,1928,C.W. & George L. Rapp,6/4/03,41.88605727,-87.62601965,"(41.88605726540, -87.62601965210)"
Fisher Building,L- 94,343 S Dearborn St,1896,D.H. Burnham & Co. 1907:side add. Peter Weber,6/7/78,41.87719864,-87.62899138,"(41.87719863540, -87.62899137760)"
Engine Company 78,L-231,1052 W Waveland Av,1915,Charles W. Kallal,10/1/03,41.94930082,-87.65656809,"(41.94930082070, -87.65656808610)"
West Town State Bank Building,L-209,2400 W Madison St,1929-30,Mundie & Jensen,10/1/03,41.88143107,-87.68673538,"(41.88143107230, -87.68673537590)"
Canaan Baptist Church of Christ Building,L- 61,6657-59 S Harvard Av,1904-05,Solon S. Beman,7/26/06,41.77296259,-87.63278111,"(41.77296259190, -87.63278110670)"
Calumet Park Fieldhouse,L- 33,9801 S Avenue G,1922-24,South Park Commission Architects,10/4/06,41.71773729,-87.53057838,"(41.71773728960, -87.53057838230)"
Illinois Central Swing Bridge,L-245,"San & Ship Canal, N of Stevenson Exp & E of Kedzie",,,12/12/07,41.83242443,-87.70241367,"(41.83242443280, -87.70241367030)"
Auditorium Building,L- 50,430 S Michigan Av,1886-90,Adler & Sullivan,9/15/76,41.87603942,-87.62516001,"(41.87603942150, -87.62516000820)"
Palmer House Hotel,L- 35,17 E Monroe St,1925-27,Holabird & Roche,12/13/06,41.88030689,-87.62695422,"(41.88030688660, -87.62695421770)"
Palliser's Cottage Home No. 35,L- 41,2314 W 111th Pl,1882,"Palliser, Palliser & Co.",2/16/00,41.69109192,-87.67939883,"(41.69109191660, -87.67939883460)"
Rosehill Cemetery Entrance,L- 21,5800 N Ravenswood Av,1864,William W. Boyington,10/16/80,41.98659406,-87.67524668,"(41.98659406260, -87.67524667590)"
Henry Gerber House,L-102,1710 N Crilly Court,1885,Architect Unknown,6/6/01,41.91321333,-87.63603058,"(41.91321332570, -87.63603058300)"
Assumption School,L- 49,319 W Erie St,1899,Frederick R. Foltz,7/9/03,41.8937173,-87.63651848,"(41.89371730110, -87.63651848410)"
Bryn Mawr Apartment Hotel,L- 57,5550 N Kenmore Av,1927-28,Alexander L. Levy & William J. Klein,11/6/02,41.98331134,-87.65700296,"(41.98331134330, -87.65700295580)"
(Former) Engine Company 27,L-227,1244 N Wells St,1874,1907 (add.) Board of Public Works,10/1/03,41.90516102,-87.63484794,"(41.90516101510, -87.63484793500)"
Lake-Franklin Group,L-131,227-35 W Lake St & 173-91 N Franklin St,1872-75,"Burling & Adler, George Edbrooke. Addit 1896:Adler",2/26/77,41.88536889,-87.63510253,"(41.88536888680, -87.63510253380)"
(Former) South Side Trust Bank Bldg,L-263,4659 S Cottage Grove Av,,,7/9/08,41.80976635,-87.60611328,"(41.80976634590, -87.60611328250)"
American System-Built Houses,L- 48,10541 S Hoyne Av,1917,Frank Lloyd Wright,7/13/94,41.7015922,-87.67382636,"(41.70159220360, -87.67382635530)"
Site of the John & Mary Jones House,L- 10,SW Corner of W 9th St & Plymouth Ct,,,5/26/04,41.86979498,-87.62956097,"(41.86979497790, -87.62956096920)"
Site of the Origin of the Chicago Fire of 1871,L-187,Dekoven (1050s) & Jefferson (600w) St,1871,"comm sculpture,""Pillar of Fire"" Egon Weiner 1961",9/15/71,41.86927206,-87.64199072,"(41.86927206280, -87.64199071620)"
Navy Pier (Headhouse and East End Building),L-150,Grand Av and Streeter Dr at Lake Michigan,1916,Charles Summer Frost,11/14/77,41.89173526,-87.60469642,"(41.89173525580, -87.60469642120)"
Dr. Wallace C. Abbott House,L- 17,4605 N Hermitage Ave,1891,Dahlgren & Lievendahl - rear addit 1906 - unknown,3/1/06,41.96542987,-87.6720606,"(41.96542986920, -87.67206060110)"
Vassar Swiss Underwear Company Building,L-265,2543 - 2545 W Diversey Av,,,7/30/08,41.93162661,-87.6921001,"(41.93162660840, -87.69210009570)"
Laramie State Bank Building,L-132,5200 W Chicago Av,1927-29,Meyer & Cook with Northwestern Terra Cotta Co.,6/14/95,41.89520776,-87.75583758,"(41.89520775960, -87.75583758280)"
Immaculata High School & Convent Buildings,L- 20,640 W Irving Park Rd & 4030 N Marine Dr,1922,Barry Byrne,7/27/83,41.95512134,-87.6462916,"(41.95512133810, -87.64629160200)"
Marquette Building,L-140,140 S Dearborn St,1895,Holabird and Roche,6/9/75,41.87978697,-87.62974012,"(41.87978697320, -87.62974011830)"
Chicago & Northwestern Bridge,L-251,"N Branch Chgo River, S of Kinzie & E of Canal St",,,12/12/07,41.88851006,-87.63909924,"(41.88851006450, -87.63909923810)"
Keck-Gottschalk-Keck Apartments,L-126,5551 S University Av,1937,George and William Keck,8/3/94,41.79355086,-87.59770366,"(41.79355086100, -87.59770366170)"
"Perkins, Fellows & Hamilton Office and Studio",L-165,814 N Michigan Av,1917,"Perkins, Fellows & Hamilton",12/1/93,41.89723205,-87.62507267,"(41.89723205070, -87.62507266760)"
McGraw-Hill Building,L-144,520 N Michigan Av,1928-29,Thielbar & Fugard,2/7/97,41.89141092,-87.62489269,"(41.89141092200, -87.62489268560)"
Goldblatt Bros. Department Store,L-105,1613-1635 W Chicago av,1921-22,Alfred S. Alshuler,4/1/98,41.89577179,-87.66827312,"(41.89577179290, -87.66827312460)"
Union Station,L-200,210 S Canal St,1913-25,"Graham, Anderson, Probst & White",5/1/02,41.8786699,-87.64035673,"(41.87866990260, -87.64035673350)"
Chicago and Alton Bridge,L-244,"S Fork of S Branch, N of Archer & E of Ashland",,,12/12/07,41.83987359,-87.66464137,"(41.83987359430, -87.66464136740)"
"Eighth Church of Christ, Scientist",L- 87,4359 S Michigan Av,1911,Leon E. Stanhope,6/9/93,41.81498777,-87.62250788,"(41.81498776870, -87.62250788340)"
Jewish People's Institute,L- 23,3500 W Douglas Blvd,1927,Klaber & Grunfeld,6/28/00,41.86325563,-87.71337292,"(41.86325562600, -87.71337291640)"
Daley Center,L- 78,50 West Washington St,1965,"C.F. Murphy Associates, Sculptor:Pablo Picasso",11/6/02,41.88384712,-87.63018307,"(41.88384711560, -87.63018306970)"
Peoples Gas-South Chicago Neighborhood Store,L-164,8935 S Commercial Av,1925,George Grant Elmslie & Herman V. von Holst,4/16/96,41.73264845,-87.55092055,"(41.73264845090, -87.55092054680)"
Marshall Field and Company Building,L-141,111 N State St,1892,Daniel H. Burham & Charles Atwood,11/1/05,41.8838568,-87.62703774,"(41.88385680190, -87.62703773950)"
Northwestern University Settlement House,L-154,1400 W Augusta Blvd,1901,Pond & Pond,12/1/93,41.90004273,-87.6628741,"(41.90004272660, -87.66287409780)"
Stephen Race House,L-171,3945 N Tripp Av,1874,Architect Unknown,9/22/88,41.95310186,-87.73367075,"(41.95310185690, -87.73367074510)"
Rockefeller Memorial Chapel,L-178,1156-80 E 59th St,1925-28,Bertram Grosvenor Goodhue Associates,11/3/04,41.78852591,-87.59704431,"(41.78852590920, -87.59704430720)"
DuPont-Whitehouse House,L- 85,3558 S Artesian Av,1876,Oscar Cobb & Co.,4/16/96,41.82858165,-87.68659368,"(41.82858164890, -87.68659368180)"
Lion House - Lincoln Park Zoo,L- 15,2132 N Stockton Dr,1912,"Perkins, Fellows & Hamilton",11/30/05,41.92133817,-87.63333598,"(41.92133817000, -87.63333598130)"
Palmolive Building,L-161,919 N Michigan Av,1927-29,Holabird & Root,2/16/00,41.89977946,-87.62350152,"(41.89977946200, -87.62350152100)"
Belle Shore Apartment Hotel,L- 55,1062 W Bryn Mawr Av,1928-29,Nathaniel Koenigsberg & Leon Weisfeld,11/6/02,41.98385069,-87.65762447,"(41.98385068590, -87.65762446920)"
Illinois-Indiana State Line Boundary Marker,L-118,"Avenue G, near 103rd St",1838,Office of the United States Surveyor-General,9/4/02,41.70886467,-87.52622269,"(41.70886467060, -87.52622268910)"
Tribune Tower,L-198,435 N Michigan Av,1922-25,Raymond M. Hood and John Mead Howells,2/1/89,41.89046022,-87.62326507,"(41.89046021810, -87.62326506790)"
Carbide and Carbon Building,L- 62,230 N Michigan Av,1929,"Burnham Brothers, Inc.",5/9/96,41.88652361,-87.62499482,"(41.88652361430, -87.62499482360)"
Engine Company 61,L-232,5349 S Wabash Av,1927-28,Charles W. Kallal,10/1/03,41.79669781,-87.62366078,"(41.79669781080, -87.62366077670)"
Chicago Board of Trade Building,L- 14,141 W Jackson Blvd,1930,Holabird & Root,5/4/77,41.87773513,-87.63227115,"(41.87773513180, -87.63227114930)"
IBM Building,L-258,330 North Wabash Av,,,2/6/08,41.88861449,-87.62750766,"(41.88861448970, -87.62750765600)"
"Garfield Boulevard ""L"" Station and Overpass",L- 99,319 E Garfield Blvd,1892,Myron Church,12/12/01,41.79373533,-87.61830365,"(41.79373533440, -87.61830364720)"
Harris and Selwyn Theaters,L-108,180-90 N Dearborn st,1922,C. Howard Crane & H Kenneth Franzheim,3/31/83,41.88505279,-87.629876,"(41.88505279440, -87.62987599730)"
Beeson House and Coach House,L-224,5810 W Midway Park,1892,Frederick Schock,1/20/99,41.88931789,-87.77060811,"(41.88931788920, -87.77060810720)"
Manhattan Building,L-139,431 S Dearborn St,1891,William LeBaron Jenney,7/7/78,41.87606572,-87.62896445,"(41.87606572340, -87.62896445050)"
Majestic Building and Theater,L-138,22 W Monore St,1906,Edmund R. Krause,5/11/05,41.88107856,-87.62857776,"(41.88107855570, -87.62857775690)"
Carson Pirie Scott & Company Building,L- 63,1 S State St,1898-99,"Louis H. Sullivan, 1905-6:D.H. Burnham&Co.",11/5/70,41.88140588,-87.62698011,"(41.88140587570, -87.62698011140)"
Theurer-Wrigley House,L-194,2466 N Lakeview Av,1896,Richard E. Schmidt,8/10/79,41.9275524,-87.63953901,"(41.92755240150, -87.63953900640)"
Francis J. Dewes House,L- 82,503 W Wrightwood Av,1896,Adolph Cudell & Arthur Hercz,6/12/74,41.93034077,-87.64157423,"(41.93034076610, -87.64157422790)"
"Reid, Murdoch and Company Building",L-174,320 N Clark St,1914,George C. Nimmons,11/15/76,41.88812724,-87.63183147,"(41.88812723870, -87.63183147210)"
Indian Boundary Park Fieldhouse,L-120,2500 W Lunt Av,1929,Clarence Hatzfeld,5/11/05,42.0088761,-87.69259933,"(42.00887610440, -87.69259933150)"
"Engine Company 45, Truck 15",L-233,4600 S Cottage Grove Av,1928,Argyle E. Robinson,10/1/03,41.81118499,-87.6070024,"(41.81118499390, -87.60700240030)"
Illinois Central Swing Bridge,L-248,"San & Ship Canal, S of 35th St & E of Pulaski Rd",,,12/12/07,41.82864937,-87.7144107,"(41.82864937480, -87.71441070370)"
"Sears, Roebuck and Company Administration Building",L-181,3333 W Arthington St,1905-14,Nimmons & Fellows and George C. Nimmons & Co.,9/4/02,41.86968209,-87.70963237,"(41.86968208660, -87.70963237400)"
St Charles Air Line Bridge,L-241,"S B Chgo River, N of 16th St & E of Lumber St",,,12/12/07,41.86092399,-87.63453042,"(41.86092399060, -87.63453041790)"
Museum of Science and Industry,L- 27,57th St and Lake Shore Dr,1891-93,Charles B. Atwood,11/1/95,41.79054723,-87.58287466,"(41.79054723380, -87.58287466170)"
Yale Apartments,L-215,6565 S Yale Av,1892-93,John T. Long,4/9/03,41.77470411,-87.63129622,"(41.77470410620, -87.63129622300)"
Site of Haymarket Tragedy,L-186,"Desplaines St(650W), bet Randolph & Lake",1886,,3/25/92,41.88515607,-87.64420847,"(41.88515606830, -87.64420847440)"
City Hall-County Building,L- 71,121 N LaSalle St / 118 N Clark St,1905-08,Holabird and Roche,1/21/82,41.88384254,-87.63165528,"(41.88384254250, -87.63165528140)"
Crown Hall,L- 29,3360 S State St,1950-56,Ludwig Mies van der Rohe,10/1/97,41.83324517,-87.6272852,"(41.83324516770, -87.62728520130)"
Charles N. Loucks House,L-269,3926 N Keeler,,,10/8/08,41.95260359,-87.73287873,"(41.95260359330, -87.73287873130)"
Lindemann and Hoverson Company,L-270,2620 W Washington Blvd,,,,41.88335059,-87.69187042,"(41.88335059430, -87.69187041900)"
(Former) Cosmopolitan State Bank Building,L-280,801 N Clark St,,,,41.89684722,-87.63082574,"(41.89684722050, -87.63082574310)"
300 West Adams Street Office Building,L-279,300 W Adams St,,,,41.87972743,-87.63568107,"(41.87972742690, -87.63568106970)"
Chicago Orphan Asylum Building,L-278,"5120 S Dr Martin Luther King, Jr. Dr",,,,41.80134196,-87.6165078,"(41.80134195790, -87.61650779650)"
North Chicago Hospital Building,L-277,2551 N Clark Street,,,,41.92947136,-87.64201185,"(41.92947135530, -87.64201185260)"
Village Theatre,L-276,1546-1550 N Clark St,,,,41.91084528,-87.63208883,"(41.91084527630, -87.63208883110)"
Kimbell Trust and Savings Bank Building,L-282,,,,,41.92490852,-87.71726933,"(41.92490852410, -87.71726932710)"
(Former) Marquette Park State Bank Building,L-274,6314 S Western Av,,,,41.7786654,-87.68401948,"(41.77866540380, -87.68401948090)"
John and Clara Merchant House,L-273,3854 N Kostner Av,,,,41.95148125,-87.73849062,"(41.95148124670, -87.73849061710)"
(Former) Marshfield Trust and Savings Bank Bldg,L-272,3321 N Lincoln Av,,,,41.9421918,-87.67016345,"(41.94219180250, -87.67016345450)"
(Former) Stock Yards National Bank Building,L-281,4150 S Halsted St,,,,41.81880899,-87.64629601,"(41.81880898660, -87.64629600580)"
Marie Schock House,L-225,5749 W Race Av,1888,Frederick Schock,1/20/99,41.88975861,-87.76971676,"(41.88975860900, -87.76971675650)"
London Guarantee Building,L-134,360 N Michigan Av,1922-23,Alfred S. Alschuler,4/16/96,41.88795571,-87.62505786,"(41.88795570520, -87.62505785610)"
All Saints Church and Rectory,L- 44,4550 N Hermitage Av,1883,John C. Cochrane,12/27/82,41.96494523,-87.67294862,"(41.96494522890, -87.67294861600)"
Old Colony Building,L-155,407 S Dearborn St,1894,Holabird & Roche,7/7/78,41.87660759,-87.62897733,"(41.87660759400, -87.62897733410)"
Statue of the Republic,L-191,Jackson Park at Hayes & Richards Drs,1918,"Daniel Chester French,sculptor&Henry Bacon,arch",6/4/03,41.77959613,-87.57988165,"(41.77959612600, -87.57988165090)"
Wood-Maxey-Boyd House,L-214,2801 S Prarie Av,1885,John C. Cochrane,10/1/03,41.8432903,-87.61997676,"(41.84329029790, -87.61997675900)"
Second Presbyterian Church,L-182,1928-1936 S Michigan Av,1874,James Renwick Recon:1900;Howard Van Doren Shaw,9/28/77,41.85572488,-87.62435931,"(41.85572487950, -87.62435930540)"
Page Brothers Building,L- 40,177-191 N State St,1872,"John M. Van Osdel,1902 State St facade:Hill",1/28/83,41.88548876,-87.62758983,"(41.88548876220, -87.62758983190)"
Krause Music Store,L-130,4611 N Lincoln Av,1922,William Presto ans Louis H. Sullivan,9/28/77,41.96533613,-87.68601082,"(41.96533612900, -87.68601081770)"
Mathilde Eliel House,L- 89,4122 S Ellis Av,1886,Adler & Sullivan,10/2/91,41.81925575,-87.602788,"(41.81925575100, -87.60278799920)"
Schoenhofen Brewery,L-179,18th St & Canalport (500W),1886,Admin Bldg: Adolph Cudell,7/13/88,41.85805569,-87.63973188,"(41.85805569050, -87.63973187740)"
Albert F. Madlener House,L-136,4 W Burton Pl,1902,Richard E. Schmidt & Hugh M.G. Garden,3/22/73,41.9096486,-87.62922179,"(41.90964859710, -87.62922179490)"
(Former) Belmont-Sheffield Trust & Savings Bldg,L-260,3150 N Sheffield Av,,,7/9/08,41.93967875,-87.65444854,"(41.93967875260, -87.65444853670)"
Steuben Club Building,L-218,188 W Randolph St,1929,Karl M. Vitzhum & Co.,7/26/06,41.88482916,-87.63360295,"(41.88482916100, -87.63360295490)"
Metropolitan Apostolic Community Church Building,L- 39,4100 S Dr Martin Luther King Jr Dr,1890,John Turner Long.1913 mn sanc alt Charles S Frost,7/19/07,41.81999824,-87.6175253,"(41.81999824470, -87.61752529820)"
New Regal Theater,L-151,1641 E 79th st,1927,John Eberson,6/17/92,41.75124738,-87.5835097,"(41.75124737960, -87.58350969550)"
Site of the 1st Self-Sustain Cont. Nuclear Chain,L-184,East Side of S Ellis Ave between 56th & 57th St,1942,"Commern. sculpture,""Nuclear Energy"" Henry Moore",10/27/71,41.79216212,-87.6008699,"(41.79216212110, -87.60086989510)"
One North LaSalle Building,L-160,1 N LaSalle St,1929-30,K.M. Vizthum & Co with John Burns,4/16/96,41.88231361,-87.63200594,"(41.88231360510, -87.63200593550)"
Monadnock Block,L-148,53 W Jackson Blvd,1889-93,N1/2: Burham & Root; S1/2: Holabird & Roche,11/14/73,41.87753145,-87.62954581,"(41.87753144730, -87.62954580840)"
Allerton Hotel,L- 45,701 N Michigan Av,1922,Murgatroyd & Ogden with Fugard & Knapp,4/29/98,41.89520098,-87.62371376,"(41.89520097580, -87.62371375550)"
Metropolitan Missionary Baptist Church,L-146,2151 W Washington Blvd,1901,Hugh M.G. Garden,2/16/89,41.88280034,-87.68124236,"(41.88280034210, -87.68124235550)"
Charles D. Iglehart House,L-117,11118 S Artesian Av,1857,Architect Unknown,7/13/94,41.69118327,-87.68276849,"(41.69118327280, -87.68276848590)"
Hazelton-Mikota House,L-110,5453 N Forest Glen Av,1881,Architect Unknown,7/27/05,41.98103936,-87.75387856,"(41.98103936230, -87.75387856350)"
John J. Glessner House,L-104,1800 S Prairie Av,1886,Henry Hobson Richardson,10/14/70,41.85772464,-87.62121066,"(41.85772464120, -87.62121065590)"
Hotel St. Benedict Flats,L-115,40-52 E Chicago Av,1882-83,James J. Egan,3/26/96,41.89698041,-87.62644177,"(41.89698040730, -87.62644177130)"
Courthouse Place,L- 77,54 W Hubbard St,1893,Otto H. Matz,6/9/93,41.89027098,-87.63013194,"(41.89027097980, -87.63013194490)"
Rookery Building,L-156,209 S LaSalle St,1885-88,Burnham & Root,7/5/72,41.87907613,-87.63179743,"(41.87907612990, -87.63179743370)"
Bush Temple of Music,L- 59,100 W Chicago Av,1901,J.E.O. Pridmore,6/27/01,41.89690293,-87.63166847,"(41.89690293180, -87.63166847010)"
Pennsylania Bridge,L-249,"S Branch Chgo River, 19th St, SE of Lumber St",,,12/12/07,41.85565852,-87.63700354,"(41.85565852410, -87.63700353570)"
Jackson-Thomas House,L-122,7053 N Ridge Blvd,1874,Architect Unknown,10/16/84,42.01039242,-87.68192948,"(42.01039242100, -87.68192947760)"
Pate-Comiskey House,L-162,5131 S Michigan Av,1901,George Maher,10/1/03,41.80101655,-87.62214969,"(41.80101655320, -87.62214969250)"
Old Chicago Coast Guard Station,L-240,250 North Breakwater Access,,,12/12/07,41.88764075,-87.61019755,"(41.88764074910, -87.61019755210)"
"Engine Company 65, Truck 52",L-237,3000 W. 42nd St,1929,"Paul Gerhardt, Jr.",10/1/03,41.80373386,-87.73535704,"(41.80373385920, -87.73535704250)"
Isidore H. Heller House,L-111,5132 S Woodlawn Av,1897,Frank Lloyd Wright,9/15/71,41.80140832,-87.5971117,"(41.80140832150, -87.59711170090)"
Jewelers  Building,L-123,15-17 S Wabash Av,1881-82,Dankmar Adler with Louis H. Sullivan,12/8/81,41.88161747,-87.62566717,"(41.88161746910, -87.62566716870)"
(Former) Engine Company 86,L-229,2414 W Cuyler Av,1899,Board of Public Works,10/1/03,41.95519144,-87.68922824,"(41.95519143910, -87.68922823730)"
Biograph Theater,L- 53,2433-43 N Lincoln Av,1914,Samuel N. Corwen,3/28/01,41.92652071,-87.64975918,"(41.92652071040, -87.64975918000)"
Trustees System Service Building,L- 03,201 N Wells St,1929-30,"Thielbard & Fugard w/ Eugene&Gwen Lux,Edgar Miller",1/14/04,41.88604619,-87.63363399,"(41.88604618850, -87.63363399310)"
Chicago Harbor Lighthouse,L- 19,"S End of the North Breakwater,N side of Harbor Ent",1893,Unknown,4/9/03,41.88927337,-87.59040947,"(41.88927336520, -87.59040946910)"
Mather Tower,L-142,75 E Wacker Dr,1928,Herbert Hugh Riddle,3/7/01,41.88760598,-87.6254272,"(41.88760597760, -87.62542720140)"
Brewster Apartments,L- 54,2800 N Pine Grove Av,1893,Enoch Hill Turnock,10/6/82,41.93316396,-87.64158298,"(41.93316396180, -87.64158297660)"
Montgomery Ward & Co. Catalog House,L-149,618 W Chicago Av,1907-08,"Richard E. Schmidt, Garden and Martin",5/17/00,41.89743687,-87.64369542,"(41.89743686760, -87.64369541550)"
"Engine Company 59, Truck 47",L-235,5714 N Ridge Av,1928,Argyle E. Robinson,10/1/03,41.98572406,-87.66403315,"(41.98572405950, -87.66403315120)"
Kaufmann Store and Flats,L-125,2312-14 N Lincoln Av (S Half:1883;North Half:1887),1883,Adler & Sullivan,4/16/96,41.92386743,-87.64707107,"(41.92386742910, -87.64707107280)"
Pittsfield Building,L-167,55 E Washington st,1927,"Graham, Anderson, Probst & White",11/6/02,41.88294695,-87.62571629,"(41.88294695180, -87.62571628700)"
Cortland Street Drawbridge,L- 76,1440 W Cortland St,1902,John Ernst Ericson. Bridgehse reconst. 1982,7/24/91,41.91691727,-87.66431155,"(41.91691726500, -87.66431155340)"
Powhatan Apartments,L- 24,4950 S Chicago Beach Dr,1927-29,Robert DeGolyer & Charles Morgan,1/12/93,41.8046084,-87.58447185,"(41.80460840450, -87.58447185190)"
Noble-Seymour-Crippen House,L-153,5624 N Newark Av,1833,"addit 1863, Architects Unknown",5/11/88,41.98361513,-87.79584731,"(41.98361513490, -87.79584730920)"
63rd Street Bathing Pavilion,L-222,South Lake Shore Dr and 63rd St,1919,South Park Commission Architects,12/8/04,41.78144144,-87.57371255,"(41.78144143640, -87.57371254810)"
Heyworth Building,L-112,29 E Madison st,1904,D.H. Burnham & Co.,9/27/00,41.88185956,-87.62668738,"(41.88185955880, -87.62668738450)"
Elks National Memorial Headquarters Building,L- 01,2750 N Lakeview Ave,1924-26,Egerton Swartwout,10/1/03,41.93228562,-87.63989765,"(41.93228562150, -87.63989764860)"
Continental And Commercial National Bank Building,L-252,208 South LaSalle St,,,12/12/07,41.87907898,-87.63301185,"(41.87907898150, -87.63301185380)"
(Former) Swedish American State Bank Bldg,L-264,5400 N Clark St,,,7/9/08,41.97997886,-87.66855143,"(41.97997886230, -87.66855142960)"
Bryan Lathrop House,L- 31,120 E Bellevue Pl,1892,"McKim, Meade & White",5/9/73,41.90187971,-87.62506376,"(41.90187971460, -87.62506376200)"
Jessie and William Adams House,L- 42,9326 S Pleasant Av,1901,Frank Lloyd Wright,6/16/94,41.72399695,-87.67019015,"(41.72399694880, -87.67019014720)"
333 North Michigan Building,L-197,333 N Michigan Av,1928,Holabird & Roche/Holabird & Root,2/7/97,41.88780778,-87.62420054,"(41.88780778230, -87.62420053820)"
August Dewes House,L- 81,509 W Wrightwood Av,1894-96,Adolph Cudell & Arthur Hercz,3/9/05,41.93027815,-87.64176889,"(41.93027815380, -87.64176888950)"
American School of Correspondence,L- 46,850 E 58th St,1907,Pond & Pond,4/15/95,41.78975392,-87.60410363,"(41.78975392200, -87.60410362840)"
Heald Square Monument,L-206,Wacker Dr at Wabash Av,1936-41,"Lorado Taft & Leonrd Crunelle, Sculptors",9/15/71,41.88700528,-87.62692807,"(41.88700527990, -87.62692806770)"
Milwaukee & St Paul Bridge,L-250,"N Branch Chgo River, Cherry Av, S of North Ave",,,12/12/07,41.91036873,-87.65552219,"(41.91036872970, -87.65552218900)"
Chicago Varnish Company Building,L- 70,33 W Kinzie St,1895,Henry Ives Cobb,7/25/01,41.88899569,-87.62934802,"(41.88899569490, -87.62934802120)"
Oliver Building,L-158,159 N Dearborn St,1907,Top Addit 1920;Holabird & Roche,5/9/84,41.88493929,-87.62925372,"(41.88493929480, -87.62925372030)"
Roberts Temple Church of God in Christ Building,L- 30,4021 S State St,1922,"Edward G. McClellan add:1927,unknown,remod:1992-93",3/29/06,41.82120993,-87.62591133,"(41.82120992710, -87.62591133310)"
Ida B. Wells-Barnett House,L-208,3624 S Dr Martin Luther King Jr Dr,1889,Joseph A. Thain,10/2/95,41.82859199,-87.61773209,"(41.82859198990, -87.61773208860)"
Stephen Foster House and Stable,L- 97,12147 S Harvard Av,1900,Frank Lloyd Wright,5/9/96,41.67280322,-87.63057375,"(41.67280322280, -87.63057375030)"
Stephen A. Douglas Memorial,L- 84,35th St and Cottage Grove Av,1881,Leonard W. Volk,9/28/77,41.83162805,-87.60840332,"(41.83162805370, -87.60840331520)"
Blackstone Hotel,L- 18,636 S Michigan Ave,1910,Marshall & Fox,4/29/98,41.87335142,-87.62477544,"(41.87335142220, -87.62477543920)"
Myron Bachman House,L- 52,1244 W Carmen av,1948,Bruce Goff,12/9/92,41.9748882,-87.66168184,"(41.97488820460, -87.66168184460)"
K.A.M. Isaiah Israel Temple,L-124,1100 E Hyde Park Blvd,1924,Alfred S. Alschuler,6/9/77,41.80282583,-87.59861639,"(41.80282582950, -87.59861639470)"
Pulaski Park Fieldhouse,L-168,1419 W Blackhawk St,1912-14,William Carbys Zimmerman,7/29/03,41.90648537,-87.66328365,"(41.90648537060, -87.66328364910)"
Carl Sandburg House,L- 34,4646 N Hermitage Av,1886,Unknown,10/4/06,41.96657208,-87.67298946,"(41.96657208150, -87.67298945670)"
Former Chicago Historical Society Building,L- 96,632 N Dearborn St,1892,Henry Ives Cobb,2/26/97,41.89349504,-87.63006344,"(41.89349504420, -87.63006344200)"
Civic Opera Building,L- 72,20 N Wacker Dr,1927-29,"Graham, Anderson, Probst & White",2/5/98,41.88253375,-87.637513,"(41.88253374880, -87.63751300360)"
Congress Theater,L- 75,2117-39 N Milwaukee Av / 2117-39 N Rockwell St,1925-26,Fridstein & Co.,7/10/02,41.92031653,-87.69221314,"(41.92031652930, -87.69221314400)"
John Jacob Walser House,L-204,42 N Central Av,1903,Frank Llyod Wright,3/30/84,41.8815282,-87.7653739,"(41.88152819610, -87.76537389900)"
Whistle Stop Inn,L-211,4200 W Irving Park Rd,1889,Architect Unknown,12/5/90,41.95381757,-87.7326763,"(41.95381757200, -87.73267629840)"
(Former) Calumet National Bank Bldg,L-261,9117 S Commercial Av,,,7/9/08,41.72951124,-87.55084594,"(41.72951123910, -87.55084594360)"
6901 Oglesby Cooperative Apartment Building,L-266,6901 S Oglesby Av,1928-29,Paul Frederick Olsen,9/10/08,41.76959911,-87.56778516,"(41.76959910740, -87.56778515570)"
Gauler Twin House,L-100,5917 N Magnolia Av,1908,Walter Burley Griffin,6/28/00,41.9896117,-87.66119005,"(41.98961170100, -87.66119005390)"
Chapin and Gore Building,L- 64,63 E Adams,1904,Richard E. Schmidt and Hugh M.G. Garden,1/21/82,41.87932732,-87.62561478,"(41.87932731970, -87.62561478180)"
Gauler Twin House,L-101,5921 N Magnolia Av,1908,Walter Burley Griffin,6/28/00,41.98970697,-87.66119344,"(41.98970697350, -87.66119343580)"
Yondorf Block and Hall,L-216,758 W North Av,1887,Frederick Ahlschlager,7/25/01,41.91119342,-87.64786908,"(41.91119341570, -87.64786907790)"
Florsheim Shoe Company Building,L- 32,3963 W Belmont Av,1924-26,Alfred S. Alschuler,3/29/06,41.93861001,-87.7265989,"(41.93861000740, -87.72659889840)"
Woman's Athletic Club,L-213,626 N Michigan av,1928,Philip B. Maher,10/2/91,41.89358116,-87.62460102,"(41.89358116290, -87.62460102230)"
Chicago & Western Indiana  Railroad Bridge,L-243,"Calumet River, 126th St, W of Torrence Av",1967-68,James Peterson,12/12/07,41.66934061,-87.55896435,"(41.66934061360, -87.55896434700)"
Abraham Groesbeck House,L-106,1304 W  Washington Blvd,1869,Otis L. Wheelock,1/12/93,41.88329082,-87.66004766,"(41.88329082470, -87.66004766390)"
Getty Tomb,L-103,"Graceland Cemetery, 4011 N Clark St",1890,Louis H. Sullivan,3/10/71,41.96123007,-87.66118862,"(41.96123007490, -87.66118862080)"
Chicago Public Library/Cultural Center,L- 68,78 E Washington St,1897,"Shepley, Rutan and Coolidge",11/5/76,41.88386466,-87.62499587,"(41.88386466210, -87.62499586560)"
Illinois and Michigan Canal,L-119,S Fork of Chicago River at W Levee & W Fuller Sts,1845-48,,5/9/96,41.84265823,-87.66461646,"(41.84265823380, -87.66461646160)"
Charles Turzak House,L-199,7059 N Olcott Av,1938-39,Bruce Goff,12/9/92,42.00956308,-87.81325194,"(42.00956307850, -87.81325193580)"
Carl Schurz High School,L-180,3601 N Milwaukee Av,1910,Dwight H. Perkins,12/7/79,41.9472703,-87.73563931,"(41.94727029510, -87.73563930750)"
"Engine Company 84, Truck 51",L-238,6204 S Green St,1929,"Paul Gerhardt, Jr.",10/1/03,41.78126631,-87.646397,"(41.78126631130, -87.64639699770)"
Medinah Temple,L-145,600 N Wabash Av,1912,Huehl & Schmid,6/27/01,41.89288778,-87.62714151,"(41.89288778220, -87.62714151420)"
"Engine Company 129, Truck 50",L-236,8120 S Ashland Av,1928-29,Argyle E. Robinson,10/1/03,41.74600513,-87.66370577,"(41.74600513300, -87.66370577170)"
Ludington Building,L-135,1104 S Wabash Av,1891,William LeBaron Jenney,6/10/96,41.86900585,-87.62635497,"(41.86900584890, -87.62635496800)"
John Rath House,L-172,2703 W Logan Blvd,1907,George W. Maher,12/1/93,41.92789833,-87.69530973,"(41.92789833220, -87.69530973470)"
American System-Built Houses,L- 47,10410 S Hoyne Av,1917,Frank Lloyd Wright,7/13/94,41.70419675,-87.67464799,"(41.70419674610, -87.67464798920)"
Lorado Taft's Midway Studios,L-192,6016 S Ingleside Dr,1890-1929,"Arch ?, recon:1929;O F Johnson Add:1964;E D Dart",12/1/93,41.78552641,-87.6032052,"(41.78552640910, -87.60320520250)"
Quinn Chapel,L-169,2401 S Wabash Av,1892,Henry F. Starbuck,8/31/77,41.84907304,-87.62507641,"(41.84907304410, -87.62507640520)"
McCormick Double House,L-143,660 N Rush St,1875,Frederick & Edward Baumann,10/6/05,41.89427876,-87.62572114,"(41.89427875560, -87.62572114350)"
Veseman Building,L-255,444 N LaSalle St,,,12/12/07,41.89047915,-87.63288949,"(41.89047915300, -87.63288948660)"
(Former) Fullerton State Bank Bldg,L-262,1425 W Fullerton Av,,,7/9/08,41.92494553,-87.66435202,"(41.92494552790, -87.66435202270)"
First Church of Deliverance,L- 78,4315 S Wabash Av,1939,"Walter T. Bailey,1946 Add. Kocher,Buss & DeKlerk",10/5/94,41.81588261,-87.62415888,"(41.81588260880, -87.62415888400)"
James Charnley House,L- 65,1365 N Astor st,1891,"Adler and Sullivan, Frank Lloyd Wright",8/20/72,41.90764802,-87.62747782,"(41.90764801710, -87.62747782300)"
(Former) Hyde Park Bank,L-267,1515-1535 E 53rd St,,,,41.79932571,-87.58818688,"(41.79932571070, -87.58818688150)"
Melissa Ann Elam House,L- 88,4726 S Dr Martin Luther King Jr Dr,1903,Henry L. Newhouse,3/21/79,41.80852977,-87.61720439,"(41.80852976900, -87.61720439490)"
Union Stock Yard Gate,L-201,Exchange Av (4150S) at Peoria St (900W),1875,Burnham and Root,2/24/72,41.81862876,-87.64868075,"(41.81862876490, -87.64868075290)"
King-Nash House,L-129,3234 W Washington Blvd,1901,George W. Maher,2/10/88,41.88305494,-87.70759499,"(41.88305493800, -87.70759499120)"
Peoples Gas-Irving Park Neighborhood Store,L-163,4829 W Irving Park Rd,1926,George Grant Elmslie & Herman V. von Holst,3/18/87,41.95309429,-87.74890384,"(41.95309429430, -87.74890383990)"
Washington Block,L-207,40 N Wells St,1873-74,Frederick & Edward Baumann,1/14/97,41.88295583,-87.63407766,"(41.88295583430, -87.63407765680)"
R.R. Donnelley & Sons Co. Calumet Plant,L- 08,350 E Cermak Rd,1912-25,Howard Van Doren Shaw,3/31/04,41.85368038,-87.61828781,"(41.85368037500, -87.61828780930)"
Emil Bach House,L- 51,7415 N Sheridan Road,1915,Frank Lloyd Wright,9/28/77,42.01658291,-87.6647753,"(42.01658291330, -87.66477530310)"
Uptown Theater,L-202,4816 N Broadway,1925,Rapp & Rapp,10/2/91,41.96952571,-87.66019567,"(41.96952571200, -87.66019566770)"
Wendell Phillips High School,L- 22,244 E Pershing Rd,1904,William Bryce Mundie,5/7/03,41.82475145,-87.61980653,"(41.82475145430, -87.61980653440)"
Inland Steel Building,L-121,30 W Monore St,1957,"Skidmore, Owings & Merrill",10/7/98,41.88107332,-87.62900319,"(41.88107331660, -87.62900319140)"
Dearborn Street Station,L- 79,47 W Polk St,1885,Cyrus L. W. Eidlitz,3/2/82,41.87174055,-87.62910493,"(41.87174054870, -87.62910492520)"
Samuel M. Nickerson House,L-152,40 E Erie St,1883,Burling & Whitehouse,9/28/77,41.89435058,-87.62653379,"(41.89435057960, -87.62653378730)"
Kenna Apartments,L-127,2214 E 69th St,1916,Barry Byrne,9/12/90,41.77010031,-87.57079824,"(41.77010031150, -87.57079824330)"
Three Arts Club,L-239,1300 N Dearborn St,1914,Holabird and Roche,6/10/81,41.90600702,-87.6304679,"(41.90600701550, -87.63046790390)"
John Raber House,L-170,5760 S LaFayette Av,1870,"Major Alterations, 1894;Thomas Wing",4/16/96,41.78921937,-87.62695294,"(41.78921937330, -87.62695293640)"
Machinery Hall at Illinois Institute of Technology,L- 12,100 W 33rd St,1901,"Patton, Fisher & Miller",5/26/04,41.83516141,-87.62922122,"(41.83516141220, -87.62922122350)"
Truevine Missionary Baptist Church Building,L- 37,6720 S Stewart Av,1892,Holabird and Roche,2/7/07,41.77178451,-87.63525636,"(41.77178450830, -87.63525635810)"
Field Building,L- 91,135 S LaSalle St,1924-34,"Graham, Anderson, Probst & White",2/9/94,41.87976425,-87.63154777,"(41.87976425340, -87.63154777220)"
Charles Hitchcock House,L-113,5704 W Ohio St,1871,Architect Unknown,7/7/92,41.8913214,-87.7680838,"(41.89132139620, -87.76808379650)"
S. Pond Refectory/Men's & Ladies Comfort Station,L-189,2019 N Stockton Dr,1908&1888,S Pond:Perkins&Hamilton Comfort:Joseph L Silsbee,2/5/03,41.9191052,-87.6340101,"(41.91910519520, -87.63401010490)"
LaSalle Street Cable Car Powerhouse,L-133,500 N LaSalle St,1887,North Chicago Street Railroad Co.,6/27/01,41.89103913,-87.63296226,"(41.89103913330, -87.63296225660)"
St Ignatius College Prep Building,L-221,1076 W Roosevelt Rd,1869,Toussaint Menard west add:1874;John P. Huber,3/18/87,41.86741856,-87.65412204,"(41.86741856200, -87.65412204130)"
James Ward Public School,L-205,2703 S Shields Av,1874-75,Johnson & Edelmann Add:1897;N. S. Patton,9/14/05,41.84319609,-87.63509231,"(41.84319608650, -87.63509231150)"
Essanay Studios,L- 90,1333-35 W Argle St,1908-15,Various Architects,3/26/96,41.97214865,-87.66333535,"(41.97214864810, -87.66333535030)"
Humboldt Park Receptory Building and Stable,L-257,3015 W Divison St,,,2/6/08,41.90230679,-87.70333639,"(41.90230679480, -87.70333639000)"
Shedd Park Fieldhouse,L- 05,3600 W 23rd St,1916-17,William Drummond,2/11/04,41.85016619,-87.71706068,"(41.85016619000, -87.71706068220)"
"Engine Company 5, Truck 2",L-234,324 S DesPlaines Av,1928,Alfred S. Alschulter,10/1/03,41.87718066,-87.64430864,"(41.87718066000, -87.64430863970)"
Alfred Caldwell Lily Pool,L- 60,North end of Lincoln Park Zoo at Fullerton Parkway,1936-38,Landscape Architect: Alfred Caldwell,11/6/02,41.92499923,-87.63396225,"(41.92499922610, -87.63396224710)"
Site of Fort Dearborn,L-185,at the intersection of Miochigan av & Wacker Dr,1803-37,,9/15/71,41.88835165,-87.62450977,"(41.88835164850, -87.62450976990)"
Pilgrim Baptist Church,L-166,3301 S Indiana Av,1890-91,Adler & Sullivan,12/18/81,41.83446443,-87.62148251,"(41.83446443490, -87.62148250600)"
Chicago & Illinois Western Bridge,L-247,"Collateral Channel Water Lot D,33rd,E of Kedzie",,,12/12/07,41.83403328,-87.70194285,"(41.83403328320, -87.70194285410)"
Schlecht House,L-226,5804 W Race Av,1887,Frederick Schock,1/20/99,41.89038609,-87.7703988,"(41.89038608750, -87.77039879610)"
St. Gelasius Church Building,L- 02,6401-09 S Woodlawn Ave,1923-28,Henry J. Schlacks,1/14/04,41.77835168,-87.59576093,"(41.77835167940, -87.59576093480)"
"Pennsylvania ""Eight Track"" Bridge",L-246,"San & Ship Canal, S of 31st & W of Western Av",,,12/12/07,41.83707881,-87.68759544,"(41.83707881070, -87.68759543750)"
Henry B Clarke House,L- 74,1855 S Indiana Av,1836,Unknown,10/14/70,41.85706685,-87.62187159,"(41.85706685460, -87.62187158570)"
First Baptist Congregational Church,L- 93,60 N Ashland Av,1869-71,Gurdon P. Randall,1/21/82,41.8829904,-87.66728153,"(41.88299040110, -87.66728152940)"
Edwin Colvin House,L- 73,5940 N Sheridan Rd,1909,George W. Maher,10/5/94,41.9903361,-87.65581666,"(41.99033609720, -87.65581666270)"
Leiter II Building,L- 25,403 S State St,1891,William LeBaron Jenney,1/14/97,41.87633704,-87.62718672,"(41.87633704030, -87.62718672480)"
Henry V. Peters House,L- 09,4731 N Knox Ave,1906,Walter Burley Griffin,5/5/04,41.96721993,-87.74366994,"(41.96721992640, -87.74366993500)"
Fine Arts Building,L- 92,410 S Michigan Av,1885,add & remod. 1898 Solon S. Beman,6/7/78,41.87646843,-87.62484617,"(41.87646842990, -87.62484617300)"
Gage Group,L- 98,"18,24, and 30 S Michigan Av",1899-1900,"Louis H. Sullivan (18),Holabird & Roche (25 & 30)",9/11/96,41.88132379,-87.62498015,"(41.88132378990, -87.62498014920)"
Clarence Buckingham Memorial Fountain and Garden,L- 58,Grant Park at Congress Drive,1927,"Bennett, Parsons & Frost with Jacques Lambert",8/30/00,41.87579719,-87.61898793,"(41.87579719040, -87.61898792760)"
Lake Shore & Michigan Southern Bridges (pair),L-242,"Calumet River, N of 98th St & E of Chicago Skyway",,,12/12/07,41.71968671,-87.54296094,"(41.71968671220, -87.54296094410)"
Thalia Hall,L-193,1215-25 W 18th St,1892,Faber & Pagels,10/25/89,41.85771018,-87.65729386,"(41.85771018220, -87.65729385520)"
McGill House,L- 28,4938 S Drexel Blvd,1891,Henry Ives Cobb,4/26/06,41.80486126,-87.60479119,"(41.80486125920, -87.60479118730)"
Chicago Building,L- 67,7 W Madison St,1905,Holabird & Roche,3/26/96,41.88184956,-87.62817297,"(41.88184956200, -87.62817296880)"
Sydney A. Kent House,L-128,2944 S Michigan Av,1883,Burnham and Root,3/18/87,41.84067686,-87.62400071,"(41.84067685510, -87.62400070560)"
Main Building at Illinois Institute of Technology,L- 13,3320 S Federal St,1891-93,Patton & Fisher,5/26/04,41.8336805,-87.62922306,"(41.83368050260, -87.62922306410)"
Dr. Philip Weintraub House,L-283,3252 W. Victoria St,,Andrew N. Rebori,9/3/09,41.98593715,-87.7110509,"(41.98593714640, -87.71105090220)"
American Book Company,L-284,320 E. Cermak Rd & 2132 S. Calumet Ave,1909,,,41.85322455,-87.61951752,"(41.85322454910, -87.61951752380)"
Garfield Park Fieldhouse,L-285,100 N. Central park Ave,1928,,9/3/09,41.882684,-87.7160686,"(41.88268399880, -87.71606860000)"
Vorwaerts Turner Hall,L-286,2431 W. Roosevelt Rd,,,9/3/09,41.86615181,-87.68724694,"(41.86615181030, -87.68724694440)"
Madonna Della Strada Chapel,L-137,6453 N. Kenmore Avenue,1938-39,Andrew N. Rebori,9/2/04,41.99955864,-87.6562472,"(41.99955863690, -87.65624719980)"
George Cleveland Hall Branch Library,L-288,4801 S. Michigan Avenue,1931,Charles Hodgdon,2/10/10,41.80711009,-87.62230102,"(41.80711009000, -87.62230101970)"
Gwendolyn Brooks House,L-289,7428 S. Evans Ave,1890,Unknown,2/10/10,41.75950344,-87.6070012,"(41.75950343730, -87.60700119980)"
Richard Wright House,L-290,4831 S Vincennes Avenue,1893,Unknown,2/10/10,41.80666963,-87.61349706,"(41.80666962540, -87.61349705950)"
Lorraine Hansberry House,L-291,6140 S. Rhodes Avenue,1909,Albert G. Ferree,2/10/10,41.78273879,-87.6124201,"(41.78273878850, -87.61242010460)"
Griffiths-Burroughs House,L-292,3806 S. Michigan Avenue,1892,Solon S. Beman,2/10/10,41.82526647,-87.62366524,"(41.82526646790, -87.62366523590)"
860-880 Lake Shore Drive,L- 86,860-880 N Lake Shore Dr,1949-51,Ludwig Mies van der Rohe,6/10/96,41.89884251,-87.61885733,"(41.89884251220, -87.61885733230)"
South Shore Cultural Center,L- 11,7059 South Shore Dr,"1906,09,16",Marshall & Fox,5/26/04,41.76760866,-87.56441514,"(41.76760866280, -87.56441514230)"
Shoreland Hotel,L-295,5454 South Shore Drive,1925-1926,Meyer Fridstein,9/8/10,41.79618792,-87.58146142,"(41.79618792060, -87.58146142190)"
Robert Lindblom Technical High Schoool building,L-296,6130 S. Wolcott Ave,1917-1919,Arthur F. Hussander,6/9/10,41.78209706,-87.67216458,"(41.78209705840, -87.67216458010)"
Blackstone Library,L-297,4904 S. Lake Park Ave,1904,Solon Spencer Beman,1/13/11,41.80582879,-87.59030595,"(41.80582879100, -87.59030595380)"
Germania Club Building,L-298,108 W. Germania Place / 1538-1542 N. Clark St.,1889,Addison  and Fiedler,1/13/11,41.91061324,-87.63207758,"(41.91061324280, -87.63207758150)"
Old Republic Building,L-299,307 N. Michigan Ave,1924,K. M. Vitzthum and Company,12/8/10,41.88708645,-87.62418141,"(41.88708645200, -87.62418141060)"
(Former) Schlitz Brewery-Tied House,L-300,5120 N. Broadway,1904,Charles Thisslew,5/4/11,41.97522511,-87.66025837,"(41.97522510560, -87.66025836620)"
Holden Block,L-301,1027 W. Madison St.,1872,Stephen Vaughn Shipman,5/4/11,41.88140273,-87.65325227,"(41.88140272950, -87.65325227230)"
Spiegel Administration Building,L-302,1038 W. 35th Street,"1936, 1941","Battey & Kipp (1936), A. Epstein (1941-1942)",5/4/11,41.83093188,-87.65200154,"(41.83093188300, -87.65200153930)"
(Former) Schlitz Brewery-Tied House@1801W.Division,L-303,1801 W. Division St.,1900-01,Fritz Lang,5/4/11,41.90301324,-87.67254145,"(41.90301324430, -87.67254144770)"
(Former) Schlitz BreweryTied-House@958W.69th St.,L-304,958 W. 69th St.,1898,Unknown,7/6/11,41.76900629,-87.64920136,"(41.76900628700, -87.64920136320)"
(Former) Schlitz BreweryTied-House@2159 W.Belmont,L-305,2159 W. Belmont Ave.,1903-1904,Charles Thisslew,7/6/11,41.9392502,-87.68303313,"(41.93925020170, -87.68303312980)"
(Former) Schlitz BreweryTied-House@3159NSouthport,L-306,3159 N. Southport Ave.,1903,Frommann and Jebsen,7/6/11,41.93964771,-87.6634509,"(41.93964771290, -87.66345089800)"
(Former) Schlitz BreweryTied-House@3456SWestern,L-307,3456 S. Western Ave.,1899,Kley & Lang,7/6/11,41.83042248,-87.68544494,"(41.83042248330, -87.68544494190)"
(Former) Schlitz Brewery Stable Building,L-308,11314 S. Front Ave.,1906,Frommann and Jebsen,7/6/11,41.68855888,-87.61215287,"(41.68855888130, -87.61215286680)"
(Former) Schlitz Brewery Tied-House@11400S.Front,L-309,11400 S. Front Ave.,1906,Frommann and Jebsen,7/6/11,41.68712465,-87.61238874,"(41.68712465240, -87.61238873510)"
(Former) Schlitz BreweryTied-House@1944 N.Oakley,L-310,1944 N. Oakley Ave.,1898,Kley  & Lang,10/5/11,41.91748424,-87.6852557,"(41.91748423900, -87.68525569570)"
Kenwood United Church of Christ,L-311,4600-4608 South Greenwood Avenue,1930,"William W. Boyington, Henry B. Wheelock,Chatten",10/5/11,41.81116725,-87.59978107,"(41.81116725480, -87.59978106700)"
White Castle # 16,L-312,43 East Cermak Road,1930,Lewis E. Russell,10/5/11,41.85263792,-87.62532982,"(41.85263792170, -87.62532982270)"
Ebenezer Missionary Baptist Church Building,L-313,4501 S. Vincennes Ave,1898-1899,Dankmar Adler,7/28/11,41.81283645,-87.61357454,"(41.81283644920, -87.61357453540)"
227 East Walton Place Apartment Building,L-314,227 East Walton Place,1956,Harry Weese,5/9/12,41.89981429,-87.62077823,"(41.89981429350, -87.62077823080)"
Chicago Motor Club Building,L-315,69 E. Wacker Place,1928,Holabird & Root,5/9/12,41.88703479,-87.62542509,"(41.88703478530, -87.62542509230)"
Harriet F. Rees House,L-316,2110 S. Prairie Ave.,1888,Cobb & Frost,3/14/12,41.85392213,-87.62113488,"(41.85392212500, -87.62113487790)"
(Former) Mid-City Trust and Savings Bank Buildings,L-317,2 S. Halsted Street,1911-12,Horatio R. Wilson(Original Building),4/24/12,41.88148442,-87.64769505,"(41.88148442240, -87.64769505050)"